<?xml version="1.0" encoding="UTF-8"?>
<lom xmlns="http://www.imsglobal.org/xsd/imsmd_rootv1p2p1" xmlns:xsi="http://www.w3.org/2001/XMLSchema-instance" xsi:schemaLocation="http://www.imsglobal.org/xsd/imsmd_rootv1p2p1 imsmd_rootv1p2p1.xsd"><relation><resource><identifier>25271255_2#data</identifier></resource></relation><relation><resource><identifier>25271258_2#Lab 3 - TSD_Feature_answer.html</identifier></resource></relation><relation><resource><identifier>25271259_2#Lab 3 - TSD_Feature_answer.ipynb</identifier></resource></relation><relation><resource><identifier>25271260_2#Lab 3 - TSD_Feature_exercise.ipynb</identifier></resource></relation></lom>
